{
    "feature": "minecraft:ore_iron",
    "placement": [
        {
            "type": "minecraft:count",
            "count": 90
        },
        {
            "type": "minecraft:in_square"
        },
        {
            "type": "minecraft:height_range",
            "height": {
                "type": "minecraft:trapezoid",
                "max_inclusive": {
                    "absolute": 384
                },
                "min_inclusive": {
                    "absolute": 80
                }
            },
            "min_inclusive": {
                "absolute": 60
            },
            "max_inclusive": {
                "absolute": 85
            }
        },
        {
            "type": "minecraft:biome"
        }
    ]
}
