{
    "feature": "minecraft:ore_coal_buried",
    "placement": [
        {
            "type": "minecraft:count",
            "count": 20
        },
        {
            "type": "minecraft:in_square"
        },
        {
            "type": "minecraft:height_range",
            "height": {
                "type": "minecraft:trapezoid",
                "max_inclusive": {
                    "absolute": 192
                },
                "min_inclusive": {
                    "absolute": 0
                }
            },
            "min_inclusive": {
                "absolute": 61
            },
            "max_inclusive": {
                "absolute": 192
            }
        },
        {
            "type": "minecraft:biome"
        }
    ]
}
